clave,clave_padre,nombre,abreviatura,tipo,categoria,nivel,pagina_manual,activo,notas
DG,,Dirección General,,Dirección General,Órganos y Áreas de la Administración Central,1,10,true,
DG.1,DG,Coordinación de Asesores,,Coordinación,Órganos y Áreas de la Administración Central,2,11,true,
DG.2,DG,Coordinación Administrativa,,Coordinación,Órganos y Áreas de la Administración Central,2,12,true,
DG.3,DG,Coordinación de Relaciones Públicas,,Coordinación,Órganos y Áreas de la Administración Central,2,13,true,
DG.4,DG,Coordinación de Comunicación Social,,Coordinación,Órganos y Áreas de la Administración Central,2,14,true,
DG.4.1,DG.4,División de Difusión,,División,Órganos y Áreas de la Administración Central,3,15,true,
DG.4.2,DG.4,División de Redacción,,División,Órganos y Áreas de la Administración Central,3,16,true,
SG,,Secretaría General,,Secretaría,Órganos y Áreas de la Administración Central,1,18,true,
SG.1,SG,Coordinación de Asistencia Técnica,,Coordinación,Órganos y Áreas de la Administración Central,2,20,true,
SG.1.1,SG.1,División de Prevención,,División,Órganos y Áreas de la Administración Central,3,21,true,
SG.1.2,SG.1,División de Apoyo y Seguridad,,División,Órganos y Áreas de la Administración Central,3,22,true,
SG.1.3,SG.1,División Operación,,División,Órganos y Áreas de la Administración Central,3,24,true,
OAG,,Oficina del Abogado General,,Oficina,Órganos y Áreas de la Administración Central,1,27,true,
OAG.1,OAG,Dirección de Asuntos Jurídicos,,Dirección,Órganos y Áreas de la Administración Central,2,28,true,
OAG.2,OAG,Dirección de Normatividad Consulta y Dictaminación,,Dirección,Órganos y Áreas de la Administración Central,2,30,true,
CNC,,Centro Nacional de Cálculo,CENAC,Centro,Órganos y Áreas de la Administración Central,1,32,true,
CNC.1,CNC,División de Ingeniería de Software y Administración de Bases de Datos,,División,Órganos y Áreas de la Administración Central,2,33,true,
CNC.2,CNC,División de Desarrollo de Sistemas,,División,Órganos y Áreas de la Administración Central,2,34,true,
PD,,Presidencia del Decanato,,Presidencia,Órganos y Áreas de la Administración Central,1,36,true,
CGSI,,Coordinación General de Servicios Informáticos,,Coordinación,Órganos y Áreas de la Administración Central,1,38,true,
CGSI.1,CGSI,Dirección de Cómputo y Comunicaciones,,Dirección,Órganos y Áreas de la Administración Central,2,39,true,
CGSI.1.1,CGSI.1,División de Cómputo,,División,Órganos y Áreas de la Administración Central,3,40,true,
CGSI.1.2,CGSI.1,División de Telecomunicaciones,,División,Órganos y Áreas de la Administración Central,3,41,true,
CGSI.1.3,CGSI.1,División de Servicios Técnicos,,División,Órganos y Áreas de la Administración Central,3,42,true,
CGSI.2,CGSI,Coordinación del Sistema Institucional de Información,,Coordinación,Órganos y Áreas de la Administración Central,2,43,true,
OIC,,Órgano Interno de Control,,Órgano,Órganos y Áreas de la Administración Central,1,45,true,
OIC.1,OIC,Área de Auditoría para el Desarrollo y Mejora de la Gestión Pública,,Área,Órganos y Áreas de la Administración Central,2,46,true,
OIC.2,OIC,Área de Auditoría Interna a Áreas Centrales y Centros Federales,,Área,Órganos y Áreas de la Administración Central,2,47,true,
OIC.3,OIC,Área de Auditoría Interna a Unidades Académicas,,Área,Órganos y Áreas de la Administración Central,2,48,true,
OIC.4,OIC,Área de Quejas y Responsabilidades,,Área,Órganos y Áreas de la Administración Central,2,49,true,
UPGPG,,Unidad Politécnica de Gestión con Perspectiva de Género,UPGPG,Unidad,Órganos y Áreas de la Administración Central,1,51,true,
DDP,,Defensoría de los Derechos Politécnicos,DDP,Dependencia,Órganos y Áreas de la Administración Central,1,53,true,
SA,,Secretaría Académica,,Secretaría,Órganos y Áreas de la Administración Central,1,55,true,
SA.1,SA,Dirección de Educación Media Superior,,Dirección,Órganos y Áreas de la Administración Central,2,58,true,
SA.1.1,SA.1,División de Procesos Formativos,,División,Órganos y Áreas de la Administración Central,3,59,true,
SA.1.2,SA.1,División de Innovación Académica,,División,Órganos y Áreas de la Administración Central,3,60,true,
SA.1.3,SA.1,División de Gestión y Calidad Educativa,,División,Órganos y Áreas de la Administración Central,3,61,true,
SA.2,SA,Dirección de Educación Superior,,Dirección,Órganos y Áreas de la Administración Central,2,62,true,
SA.2.1,SA.2,División de Procesos Formativos,,División,Órganos y Áreas de la Administración Central,3,63,true,
SA.2.2,SA.2,División de Innovación Académica,,División,Órganos y Áreas de la Administración Central,3,64,true,
SA.2.3,SA.2,División de Gestión y Calidad Educativa,,División,Órganos y Áreas de la Administración Central,3,65,true,
SA.2.4,SA.2,División de Operación de Unidades Académicas,,División,Órganos y Áreas de la Administración Central,3,66,true,
SA.3,SA,Dirección de Formación en Lenguas Extranjeras,,Dirección,Órganos y Áreas de la Administración Central,2,67,true,
SIP,,Secretaría de Investigación y Posgrado,,Secretaría,Órganos y Áreas de la Administración Central,1,69,true,
SIP.1,SIP,Dirección de Posgrado,,Dirección,Órganos y Áreas de la Administración Central,2,70,true,
SIP.1.1,SIP.1,División de Operación y Promoción del Posgrado,,División,Órganos y Áreas de la Administración Central,3,71,true,
SIP.2,SIP,Dirección de Apoyo al Posgrado,,Dirección,Órganos y Áreas de la Administración Central,2,72,true,
SIP.2.1,SIP.2,División de Apoyo a Programas en Ambientes Virtuales,,División,Órganos y Áreas de la Administración Central,3,73,true,
SIP.3,SIP,Dirección de Investigación,,Dirección,Órganos y Áreas de la Administración Central,2,74,true,
SIP.3.1,SIP.3,División de Operación y Promoción a la Investigación,,División,Órganos y Áreas de la Administración Central,3,75,true,
SIP.3.2,SIP.3,División de Apoyo a la Investigación,,División,Órganos y Áreas de la Administración Central,3,76,true,
SSE,,Secretaría de Servicios Educativos,,Secretaría,Órganos y Áreas de la Administración Central,1,78,true,
SSE.1,SSE,Dirección de Administración Escolar,,Dirección,Órganos y Áreas de la Administración Central,2,80,true,
SSE.1.1,SSE.1,División de Admisión y Control Escolar,,División,Órganos y Áreas de la Administración Central,3,81,true,
SSE.1.2,SSE.1,División de Registro y Certificación de Estudios,,División,Órganos y Áreas de la Administración Central,3,83,true,
SSE.2,SSE,Dirección de Servicios Estudiantiles,,Dirección,Órganos y Áreas de la Administración Central,2,84,true,
SSE.2.1,SSE.2,División de Prestaciones Sociales y Atención a la Salud,,División,Órganos y Áreas de la Administración Central,3,85,true,
SSE.2.2,SSE.2,División de Apoyo y Servicios a Estudiantes,,División,Órganos y Áreas de la Administración Central,3,87,true,
SSE.3,SSE,Dirección de Bibliotecas,,Dirección,Órganos y Áreas de la Administración Central,2,89,true,
SSE.3.1,SSE.3,División de Servicios Bibliotecarios,,División,Órganos y Áreas de la Administración Central,3,90,true,
SSE.3.2,SSE.3,División de Información y Documentación,,División,Órganos y Áreas de la Administración Central,3,91,true,
SSE.4,SSE,Dirección de Difusión y Fomento a la Cultura,,Dirección,Órganos y Áreas de la Administración Central,2,92,true,
SSE.4.1,SSE.4,División de Fomento y Promoción Cultural,,División,Órganos y Áreas de la Administración Central,3,94,true,
SSE.4.2,SSE.4,División de Difusión,,División,Órganos y Áreas de la Administración Central,3,95,true,
SSE.5,SSE,Dirección de Desarrollo y Fomento Deportivo,,Dirección,Órganos y Áreas de la Administración Central,2,96,true,
SSE.5.1,SSE.5,División de Fomento Deportivo,,División,Órganos y Áreas de la Administración Central,3,97,true,
SSE.5.2,SSE.5,División de Desarrollo Deportivo,,División,Órganos y Áreas de la Administración Central,3,98,true,
SEIS,,Secretaría de Extensión e Integración Social,,Secretaría,Órganos y Áreas de la Administración Central,1,100,true,
SEIS.1,SEIS,Dirección de Egresados y Servicio Social,,Dirección,Órganos y Áreas de la Administración Central,2,102,true,
SEIS.1.1,SEIS.1,División de Servicio Social,,División,Órganos y Áreas de la Administración Central,3,103,true,
SEIS.1.2,SEIS.1,División de Egresados,,División,Órganos y Áreas de la Administración Central,3,104,true,
SEIS.2,SEIS,Dirección de Publicaciones,,Dirección,Órganos y Áreas de la Administración Central,2,105,true,
SEIS.2.1,SEIS.2,División Editorial,,División,Órganos y Áreas de la Administración Central,3,106,true,
SEIS.2.2,SEIS.2,División de Comercialización de la Obra Editorial,,División,Órganos y Áreas de la Administración Central,3,109,true,
SEIS.3,SEIS,Dirección de Educación Continua,,Dirección,Órganos y Áreas de la Administración Central,2,110,true,
SEIS.3.1,SEIS.3,División de Programas de Educación Continua,,División,Órganos y Áreas de la Administración Central,3,111,true,
SEIS.3.2,SEIS.3,División de Operación de Centros de Educación Continua,,División,Órganos y Áreas de la Administración Central,3,112,true,
SEIS.4,SEIS,Coordinación de Cooperación Académica,,Coordinación,Órganos y Áreas de la Administración Central,2,113,true,
SEIS.4.1,SEIS.4,División de Gestión de la Cooperación,,División,Órganos y Áreas de la Administración Central,3,114,true,
SEIS.4.2,SEIS.4,División de Relaciones Nacionales e Internacionales,,División,Órganos y Áreas de la Administración Central,3,115,true,
SGE,,Secretaría de Gestión Estratégica,,Secretaría,Órganos y Áreas de la Administración Central,1,117,true,
SGE.1,SGE,Dirección de Planeación,,Dirección,Órganos y Áreas de la Administración Central,2,118,true,
SGE.1.1,SGE.1,División de Planeación y Prospectiva,,División,Órganos y Áreas de la Administración Central,3,119,true,
SGE.1.2,SGE.1,División de Estudios y Proyectos,,División,Órganos y Áreas de la Administración Central,3,120,true,
SGE.2,SGE,Dirección de Evaluación,,Dirección,Órganos y Áreas de la Administración Central,2,121,true,
SGE.2.1,SGE.2,División de Evaluación,,División,Órganos y Áreas de la Administración Central,3,122,true,
SGE.2.2,SGE.2,División de Información,,División,Órganos y Áreas de la Administración Central,3,123,true,
SGE.3,SGE,Dirección de Programación y Presupuesto,,Dirección,Órganos y Áreas de la Administración Central,2,124,true,
SGE.3.1,SGE.3,División de Programación,,División,Órganos y Áreas de la Administración Central,3,125,true,
SGE.3.2,SGE.3,División de Presupuesto,,División,Órganos y Áreas de la Administración Central,3,126,true,
SAD,,Secretaría de Administración,,Secretaría,Órganos y Áreas de la Administración Central,1,128,true,
SAD.1,SAD,Dirección de Capital Humano,,Dirección,Órganos y Áreas de la Administración Central,2,130,true,
SAD.1.1,SAD.1,División de Admisión y Desarrollo del Personal,,División,Órganos y Áreas de la Administración Central,3,131,true,
SAD.1.2,SAD.1,División de Trayectorias del Personal,,División,Órganos y Áreas de la Administración Central,3,132,true,
SAD.1.3,SAD.1,División de Sistemas de Información,,División,Órganos y Áreas de la Administración Central,3,134,true,
SAD.1.4,SAD.1,División de Remuneraciones,,División,Órganos y Áreas de la Administración Central,3,135,true,
SAD.2,SAD,Dirección de Recursos Financieros,,Dirección,Órganos y Áreas de la Administración Central,2,136,true,
SAD.2.1,SAD.2,División de Control y Ejercicio del Presupuesto,,División,Órganos y Áreas de la Administración Central,3,137,true,
SAD.2.2,SAD.2,División de Contabilidad,,División,Órganos y Áreas de la Administración Central,3,138,true,
SAD.3,SAD,Dirección de Recursos Materiales y Servicios,,Dirección,Órganos y Áreas de la Administración Central,2,139,true,
SAD.3.1,SAD.3,División de Adquisiciones de Bienes y Servicios,,División,Órganos y Áreas de la Administración Central,3,140,true,
SAD.3.2,SAD.3,División de Infraestructura Física,,División,Órganos y Áreas de la Administración Central,3,141,true,
SAD.3.3,SAD.3,División Servicios Generales,,División,Órganos y Áreas de la Administración Central,3,143,true,
CCDI,,Coordinación de Centros de Desarrollo Infantil,,Coordinación,Órganos y Áreas de la Administración Central,1,145,true,
CCDI.1,CCDI,"Centro de Desarrollo Infantil ""Laura Pérez de Baíz""",,Centro,Órganos y Áreas de la Administración Central,2,146,true,
CCDI.2,CCDI,"Centro de Desarrollo Infantil ""Amalia Solórzano de Cárdenas""",,Centro,Órganos y Áreas de la Administración Central,2,147,true,
CCDI.3,CCDI,"Centro de Desarrollo Infantil ""Eva Sámano de López Mateos""",,Centro,Órganos y Áreas de la Administración Central,2,148,true,
CCDI.4,CCDI,"Centro de Desarrollo Infantil ""Clementina Batalla de Bassols""",,Centro,Órganos y Áreas de la Administración Central,2,149,true,
CCDI.5,CCDI,"Centro de Desarrollo Infantil ""Margarita Salazar de Ero""",,Centro,Órganos y Áreas de la Administración Central,2,150,true,
CCDI.6,CCDI,"Centro de Desarrollo Infantil ""Zacatenco""",,Centro,Órganos y Áreas de la Administración Central,2,151,true,
CECYT1,,"CECyT No. 1 ""Gonzalo Vázquez Vela""",CECyT 1,Unidad Académica,"Unidades Académicas de Nivel Medio Superior, Rama de Ingeniería y Ciencias Físico Matemáticas",1,153,true,
CECYT2,,"CECyT No. 2 ""Miguel Bernard""",CECyT 2,Unidad Académica,"Unidades Académicas de Nivel Medio Superior, Rama de Ingeniería y Ciencias Físico Matemáticas",1,154,true,
CECYT3,,"CECyT No. 3 ""Estanislao Ramírez Ruiz""",CECyT 3,Unidad Académica,"Unidades Académicas de Nivel Medio Superior, Rama de Ingeniería y Ciencias Físico Matemáticas",1,155,true,
CECYT4,,"CECyT No. 4 ""Lázaro Cárdenas""",CECyT 4,Unidad Académica,"Unidades Académicas de Nivel Medio Superior, Rama de Ingeniería y Ciencias Físico Matemáticas",1,156,true,
CECYT7,,"CECyT No. 7 ""Cuauhtémoc""",CECyT 7,Unidad Académica,"Unidades Académicas de Nivel Medio Superior, Rama de Ingeniería y Ciencias Físico Matemáticas",1,157,true,
CECYT8,,"CECyT No. 8 ""Narciso Bassols""",CECyT 8,Unidad Académica,"Unidades Académicas de Nivel Medio Superior, Rama de Ingeniería y Ciencias Físico Matemáticas",1,158,true,
CECYT9,,"CECyT No. 9 ""Juan de Dios Bátiz""",CECyT 9,Unidad Académica,"Unidades Académicas de Nivel Medio Superior, Rama de Ingeniería y Ciencias Físico Matemáticas",1,159,true,
CECYT10,,"CECyT No. 10 ""Carlos Vallejo Márquez""",CECyT 10,Unidad Académica,"Unidades Académicas de Nivel Medio Superior, Rama de Ingeniería y Ciencias Físico Matemáticas",1,160,true,
CECYT11,,"CECyT No. 11 ""Alfredo Massieu""",CECyT 11,Unidad Académica,"Unidades Académicas de Nivel Medio Superior, Rama de Ingeniería y Ciencias Físico Matemáticas",1,161,true,
CET1,,"CET No. 1 ""Walter Cross Buchanan""",CET 1,Unidad Académica,"Unidades Académicas de Nivel Medio Superior, Rama de Ingeniería y Ciencias Físico Matemáticas",1,162,true,
CECYT6,,"CECyT No. 6 ""Miguel Othón de Mendizábal""",CECyT 6,Unidad Académica,"Unidades Académicas de Nivel Medio Superior, Rama de Ciencias Médico Biológicas",1,164,true,
CECYT15,,"CECyT No. 15 ""Diódoro Antúnez Echegaray""",CECyT 15,Unidad Académica,"Unidades Académicas de Nivel Medio Superior, Rama de Ciencias Médico Biológicas",1,165,true,
CECYT5,,"CECyT No. 5 ""Benito Juárez""",CECyT 5,Unidad Académica,"Unidades Académicas de Nivel Medio Superior, Rama de Ciencias Sociales y Administrativas",1,167,true,"Categoría de rama inferida, no visible con claridad en el escaneo original"
CECYT12,,"CECyT No. 12 ""José María Morelos""",CECyT 12,Unidad Académica,"Unidades Académicas de Nivel Medio Superior, Rama de Ciencias Sociales y Administrativas",1,168,true,"Categoría de rama inferida, no visible con claridad en el escaneo original"
CECYT13,,"CECyT No. 13 ""Ricardo Flores Magón""",CECyT 13,Unidad Académica,"Unidades Académicas de Nivel Medio Superior, Rama de Ciencias Sociales y Administrativas",1,169,true,"Categoría de rama inferida, no visible con claridad en el escaneo original"
CECYT14,,"CECyT No. 14 ""Luis Enrique Erro""",CECyT 14,Unidad Académica,"Unidades Académicas de Nivel Medio Superior, Rama de Ciencias Sociales y Administrativas",1,170,true,"Categoría de rama inferida, no visible con claridad en el escaneo original"
CECYT16,,"CECyT No. 16 ""Hidalgo""",CECyT 16,Unidad Académica,Unidades Académicas de Nivel Medio Superior Interdisciplinarias,1,172,true,
CECYT17,,"CECyT No. 17 ""León, Guanajuato""",CECyT 17,Unidad Académica,Unidades Académicas de Nivel Medio Superior Interdisciplinarias,1,173,true,
CECYT18,,"CECyT No. 18 ""Zacatecas""",CECyT 18,Unidad Académica,Unidades Académicas de Nivel Medio Superior Interdisciplinarias,1,,true,Plantel de nueva creación (2025/2026); no aparece en el manual de organización vigente. Sitio: https://cecyt18.ipn.mx/
CECYT19,,"CECyT No. 19 ""Leona Vicario""",CECyT 19,Unidad Académica,Unidades Académicas de Nivel Medio Superior Interdisciplinarias,1,,true,Plantel de nueva creación (2025/2026); no aparece en el manual de organización vigente. Sitio: https://cecyt19.ipn.mx/
ESIME-ZAC,,"Escuela Superior de Ingeniería Mecánica y Eléctrica, Unidad Zacatenco",ESIME Zacatenco,Unidad Académica,"Unidades Académicas de Nivel Superior, Rama de Ingeniería y Ciencias Físico Matemáticas",1,175,true,
ESIME-CUL,,"Escuela Superior de Ingeniería Mecánica y Eléctrica, Unidad Culhuacán",ESIME Culhuacán,Unidad Académica,"Unidades Académicas de Nivel Superior, Rama de Ingeniería y Ciencias Físico Matemáticas",1,176,true,
ESIME-AZC,,"Escuela Superior de Ingeniería Mecánica y Eléctrica, Unidad Azcapotzalco",ESIME Azcapotzalco,Unidad Académica,"Unidades Académicas de Nivel Superior, Rama de Ingeniería y Ciencias Físico Matemáticas",1,177,true,
ESIME-TIC,,"Escuela Superior de Ingeniería Mecánica y Eléctrica, Unidad Ticomán",ESIME Ticomán,Unidad Académica,"Unidades Académicas de Nivel Superior, Rama de Ingeniería y Ciencias Físico Matemáticas",1,178,true,
ESIA-ZAC,,"Escuela Superior de Ingeniería y Arquitectura, Unidad Zacatenco",ESIA Zacatenco,Unidad Académica,"Unidades Académicas de Nivel Superior, Rama de Ingeniería y Ciencias Físico Matemáticas",1,179,true,
ESIA-TEC,,"Escuela Superior de Ingeniería y Arquitectura, Unidad Tecamachalco",ESIA Tecamachalco,Unidad Académica,"Unidades Académicas de Nivel Superior, Rama de Ingeniería y Ciencias Físico Matemáticas",1,180,true,
ESIA-TIC,,"Escuela Superior de Ingeniería y Arquitectura, Unidad Ticomán",ESIA Ticomán,Unidad Académica,"Unidades Académicas de Nivel Superior, Rama de Ingeniería y Ciencias Físico Matemáticas",1,181,true,
ESIT,,Escuela Superior de Ingeniería Textil,ESIT,Unidad Académica,"Unidades Académicas de Nivel Superior, Rama de Ingeniería y Ciencias Físico Matemáticas",1,182,true,
ESFM,,Escuela Superior de Física y Matemáticas,ESFM,Unidad Académica,"Unidades Académicas de Nivel Superior, Rama de Ingeniería y Ciencias Físico Matemáticas",1,183,true,
ESCOM,,Escuela Superior de Cómputo,ESCOM,Unidad Académica,"Unidades Académicas de Nivel Superior, Rama de Ingeniería y Ciencias Físico Matemáticas",1,184,true,
UPIICSA,,Unidad Profesional Interdisciplinaria de Ingeniería y Ciencias Sociales y Administrativas,UPIICSA,Unidad Académica,"Unidades Académicas de Nivel Superior, Rama de Ingeniería y Ciencias Físico Matemáticas",1,186,true,
UPIITA,,Unidad Profesional Interdisciplinaria de Ingeniería y Tecnologías Avanzadas,UPIITA,Unidad Académica,"Unidades Académicas de Nivel Superior, Rama de Ingeniería y Ciencias Físico Matemáticas",1,187,true,
UPIBI,,Unidad Profesional Interdisciplinaria de Biotecnología,UPIBI,Unidad Académica,"Unidades Académicas de Nivel Superior, Rama de Ingeniería y Ciencias Físico Matemáticas",1,188,true,
UPIG,,"Unidad Profesional Interdisciplinaria de Ingeniería, Campus Guanajuato",UPIG,Unidad Académica,"Unidades Académicas de Nivel Superior, Rama de Ingeniería y Ciencias Físico Matemáticas",1,189,true,
UPIZ,,"Unidad Profesional Interdisciplinaria de Ingeniería, Campus Zacatecas",UPIZ,Unidad Académica,"Unidades Académicas de Nivel Superior, Rama de Ingeniería y Ciencias Físico Matemáticas",1,190,true,
ENCB,,Escuela Nacional de Ciencias Biológicas,ENCB,Unidad Académica,"Unidades Académicas de Nivel Superior, Rama de Ciencias Médico Biológicas",1,193,true,
ESM,,Escuela Superior de Medicina,ESM,Unidad Académica,"Unidades Académicas de Nivel Superior, Rama de Ciencias Médico Biológicas",1,194,true,
ENMH,,Escuela Nacional de Medicina y Homeopatía,ENMH,Unidad Académica,"Unidades Académicas de Nivel Superior, Rama de Ciencias Médico Biológicas",1,195,true,
ESEO,,Escuela Superior de Enfermería y Obstetricia,ESEO,Unidad Académica,"Unidades Académicas de Nivel Superior, Rama de Ciencias Médico Biológicas",1,196,true,
CICS-MA,,"Centro Interdisciplinario de Ciencias de la Salud, Unidad Milpa Alta",CICS Milpa Alta,Unidad Académica,"Unidades Académicas de Nivel Superior, Rama de Ciencias Médico Biológicas",1,196,true,
CICS-ST,,"Centro Interdisciplinario de Ciencias de la Salud, Unidad Santo Tomás",CICS Santo Tomás,Unidad Académica,"Unidades Académicas de Nivel Superior, Rama de Ciencias Médico Biológicas",1,197,true,
ESCA-ST,,"Escuela Superior de Comercio y Administración, Unidad Santo Tomás",ESCA Santo Tomás,Unidad Académica,"Unidades Académicas de Nivel Superior, Rama de Ingeniería y Ciencias Sociales y Administrativas",1,199,true,
ESCA-TEP,,"Escuela Superior de Comercio y Administración, Unidad Tepepan",ESCA Tepepan,Unidad Académica,"Unidades Académicas de Nivel Superior, Rama de Ingeniería y Ciencias Sociales y Administrativas",1,200,true,
ESE,,Escuela Superior de Economía,ESE,Unidad Académica,"Unidades Académicas de Nivel Superior, Rama de Ingeniería y Ciencias Sociales y Administrativas",1,201,true,
EST,,Escuela Superior de Turismo,EST,Unidad Académica,"Unidades Académicas de Nivel Superior, Rama de Ingeniería y Ciencias Sociales y Administrativas",1,202,true,
CEPROBI,,Centro de Desarrollo de Productos Bióticos,CEPROBI,Centro,Unidades Académicas de Investigación Científica y Tecnológica,1,204,true,
CICIMAR,,Centro Interdisciplinario de Ciencias Marinas,CICIMAR,Centro,Unidades Académicas de Investigación Científica y Tecnológica,1,205,true,
CIIDIR-DGO,,"Centro Interdisciplinario de Investigación para el Desarrollo Integral Regional, Unidad Durango",CIIDIR Durango,Centro,Unidades Académicas de Investigación Científica y Tecnológica,1,206,true,
CIIDIR-MICH,,"Centro Interdisciplinario de Investigación para el Desarrollo Integral Regional, Unidad Michoacán",CIIDIR Michoacán,Centro,Unidades Académicas de Investigación Científica y Tecnológica,1,207,true,
CIIDIR-OAX,,"Centro Interdisciplinario de Investigación para el Desarrollo Integral Regional, Unidad Oaxaca",CIIDIR Oaxaca,Centro,Unidades Académicas de Investigación Científica y Tecnológica,1,208,true,
CIIDIR-SIN,,"Centro Interdisciplinario de Investigación para el Desarrollo Integral Regional, Unidad Sinaloa",CIIDIR Sinaloa,Centro,Unidades Académicas de Investigación Científica y Tecnológica,1,209,true,
CIIEMAD,,Centro Interdisciplinario de Investigaciones y Estudios sobre Medio Ambiente y Desarrollo,CIIEMAD,Centro,Unidades Académicas de Investigación Científica y Tecnológica,1,210,true,
CIC,,Centro de Investigación en Computación,CIC,Centro,Unidades Académicas de Investigación Científica y Tecnológica,1,211,true,
CIECAS,,"Centro de Investigaciones Económicas, Administrativas y Sociales",CIECAS,Centro,Unidades Académicas de Investigación Científica y Tecnológica,1,212,true,
CBG,,Centro de Biotecnología Genómica,CBG,Centro,Unidades Académicas de Investigación Científica y Tecnológica,1,213,true,
CICATA-LEG,,"Centro de Investigación en Ciencia Aplicada y Tecnología Avanzada, Unidad Legaria",CICATA Legaria,Centro,Unidades Académicas de Investigación Científica y Tecnológica,1,214,true,
CICATA-QRO,,"Centro de Investigación en Ciencia Aplicada y Tecnología Avanzada, Unidad Querétaro",CICATA Querétaro,Centro,Unidades Académicas de Investigación Científica y Tecnológica,1,215,true,
CICATA-ALT,,"Centro de Investigación en Ciencia Aplicada y Tecnología Avanzada, Unidad Altamira",CICATA Altamira,Centro,Unidades Académicas de Investigación Científica y Tecnológica,1,216,true,
CICATA-MOR,,"Centro de Investigación en Ciencia Aplicada y Tecnología Avanzada, Unidad Morelos",CICATA Morelos,Centro,Unidades Académicas de Investigación Científica y Tecnológica,1,217,true,
CIBA,,"Centro de Investigación en Biotecnología Aplicada, Unidad Allende",CIBA,Centro,Unidades Académicas de Investigación Científica y Tecnológica,1,218,true,
CITEDI,,Centro de Investigación y Desarrollo Tecnológico en Cómputo,CITEDI,Centro,Unidades Académicas de Investigación Científica y Tecnológica,1,219,true,
CIDETEC,,Centro de Innovación y Desarrollo Tecnológico en Cómputo,CIDETEC,Centro,Unidades Académicas de Investigación Científica y Tecnológica,1,220,true,
CIITEC,,Centro de Investigación e Innovación Tecnológica,CIITEC,Centro,Unidades Académicas de Investigación Científica y Tecnológica,1,221,true,
CMPMASL,,Centro Mexicano para la Producción Más Limpia,CMP+L,Centro,Unidades Académicas de Investigación Científica y Tecnológica,1,222,true,
CRPMASL-TAB,,"Centro Regional para la Producción Más Limpia, Unidad Tabasco",CRP+L Tabasco,Centro,Unidades Académicas de Investigación Científica y Tecnológica,1,223,true,
CEC-ALL,,"Centro de Educación Continua, Unidad Allende",CEC Allende,Centro,Unidades Académicas de Educación Continua,1,225,true,
CEC-CAJ,,"Centro de Educación Continua, Unidad Cajeme Sonora",CEC Cajeme Sonora,Centro,Unidades Académicas de Educación Continua,1,226,true,
CEC-CAM,,"Centro de Educación Continua, Unidad Campeche",CEC Campeche,Centro,Unidades Académicas de Educación Continua,1,227,true,
CEC-CAN,,"Centro de Educación Continua, Unidad Cancún",CEC Cancún,Centro,Unidades Académicas de Educación Continua,1,228,true,
CEC-CUL,,"Centro de Educación Continua, Unidad Culiacán",CEC Culiacán,Centro,Unidades Académicas de Educación Continua,1,229,true,
CEC-DGO,,"Centro de Educación Continua, Unidad Durango",CEC Durango,Centro,Unidades Académicas de Educación Continua,1,230,true,
CEC-HGO,,"Centro de Educación Continua, Unidad Hidalgo",CEC Hidalgo,Centro,Unidades Académicas de Educación Continua,1,231,true,
CEC-MOC,,"Centro de Educación Continua, Unidad Los Mochis",CEC Los Mochis,Centro,Unidades Académicas de Educación Continua,1,232,true,
CEC-MAZ,,"Centro de Educación Continua, Unidad Mazatlán",CEC Mazatlán,Centro,Unidades Académicas de Educación Continua,1,233,true,
CEC-MORA,,"Centro de Educación Continua, Unidad Morelia",CEC Morelia,Centro,Unidades Académicas de Educación Continua,1,234,true,
CEC-MOR,,"Centro de Educación Continua, Unidad Morelos",CEC Morelos,Centro,Unidades Académicas de Educación Continua,1,235,true,
CEC-OAX,,"Centro de Educación Continua, Unidad Oaxaca",CEC Oaxaca,Centro,Unidades Académicas de Educación Continua,1,236,true,
CEC-REY,,"Centro de Educación Continua, Unidad Reynosa",CEC Reynosa,Centro,Unidades Académicas de Educación Continua,1,237,true,
CEC-TAM,,"Centro de Educación Continua, Unidad Tampico",CEC Tampico,Centro,Unidades Académicas de Educación Continua,1,238,true,
CEC-TIJ,,"Centro de Educación Continua, Unidad Tijuana",CEC Tijuana,Centro,Unidades Académicas de Educación Continua,1,239,true,
CEC-TLAX,,"Centro de Educación Continua, Unidad Tlaxcala",CEC Tlaxcala,Centro,Unidades Académicas de Educación Continua,1,240,true,
CDCYT,,Centro de Difusión de Ciencia y Tecnología,CDCyT,Centro,Unidades Académicas de Apoyo Educativo,1,242,true,
CENLEX-ZAC,,"Centro de Lenguas Extranjeras, Unidad Zacatenco",CENLEX Zacatenco,Centro,Unidades Académicas de Apoyo Educativo,1,244,true,
CENLEX-ST,,"Centro de Lenguas Extranjeras, Unidad Santo Tomás",CENLEX Santo Tomás,Centro,Unidades Académicas de Apoyo Educativo,1,245,true,
CITP,,Coordinación Institucional de Tutoría Politécnica,CITP,Coordinación,Unidades Académicas de Apoyo Educativo,1,246,true,
CGFIE,,Coordinación General de Formación e Innovación Educativa,CGFIE,Coordinación,Órganos y Áreas de la Administración Central,1,248,true,
CGFIE.1,CGFIE,Dirección de Formación y Desarrollo Profesional,,Dirección,Órganos y Áreas de la Administración Central,2,249,true,
CGFIE.2,CGFIE,Dirección de Innovación e Investigación Educativa,,Dirección,Órganos y Áreas de la Administración Central,2,250,true,
POLIVIRTUAL,,Unidad Politécnica para la Educación Virtual,POLIVIRTUAL,Unidad,Órganos y Áreas de la Administración Central,1,251,true,
CPS,,Coordinación Politécnica para la Sustentabilidad,CPS,Coordinación,Órganos y Áreas de la Administración Central,1,254,true,
POLIINCUBA,,Centro de Incubación de Empresas de Base Tecnológica,POLI-INCUBA,Centro,Unidades de Apoyo a la Innovación Educativa,1,256,true,
POLIEMPRESARIAL,,Unidad Politécnica para el Desarrollo y la Competitividad Empresarial,POLIEMPRESARIAL,Unidad,Unidades de Apoyo a la Innovación Educativa,1,257,true,
TECHNOPOLI,,Unidad de Desarrollo Tecnológico,TECHNOPOLI,Unidad,Unidades de Apoyo a la Innovación Educativa,1,258,true,
CDA,,Centro de Desarrollo Aeroespacial,CDA,Centro,Unidades de Apoyo a la Innovación Educativa,1,259,true,
CNMN,,Centro de Nanociencias y Micro Nanotecnologías,,Centro,Unidades de Apoyo a la Innovación Educativa,1,260,true,
INCUBA-HGO,,"Unidad Incubadora de Empresas de Base Tecnológica ""Hidalgo""",,Unidad,Unidades de Apoyo a la Innovación Educativa,1,261,true,
INCUBA-MOR,,"Unidad Incubadora de Empresas de Base Tecnológica ""Morelos""",,Unidad,Unidades de Apoyo a la Innovación Educativa,1,262,true,
CLUSTER-VER,,"Cluster Politécnico, Veracruz",,Cluster,"Unidades Educativas Vinculadas a Ciencia, Tecnología, Investigación y Desarrollo Empresarial: Clusters Politécnicos",1,264,true,
