id,name,author,version,status
tAlfanumerico,Alfanumérico,Daniel Isai Ortega,0.1,Creado
tArchivoDigital,Archivo digital,Daniel Isai Ortega,0.1,Creado
tAtributo,Atributo,Daniel Isai Ortega,0.1,Creado
tBooleano,Booleano,Daniel Isai Ortega,0.1,Creado
tCadena,Cadena,Daniel Isai Ortega,0.1,Creado
tCalmecac,CALMÉCAC,Daniel Isai Ortega,0.1,Creado
tCatalogo,Catálogo,Daniel Isai Ortega,0.1,Creado
tDecimal,Decimal,Daniel Isai Ortega,0.1,Creado
tEntero,Entero,Daniel Isai Ortega,0.1,Creado
tEntidad,Entidad,Daniel Isai Ortega,0.1,Creado
tFecha,Fecha,Daniel Isai Ortega,0.1,Creado
tFechaCorta,Fecha corta,Daniel Isai Ortega,0.1,Creado
tFechaLarga,Fecha larga,Daniel Isai Ortega,0.1,Creado
tFrase,Frase,Daniel Isai Ortega,0.1,Creado
tLayout,Layout,Daniel Isai Ortega,0.1,Creado
tNumerico,Numérico,Daniel Isai Ortega,0.1,Creado
tOpcional,Opcional,Daniel Isai Ortega,0.1,Creado
tPalabra,Palabra,Daniel Isai Ortega,0.1,Creado
tParrafo,Párrafo,Daniel Isai Ortega,0.1,Creado
tRequerido,Requerido,Daniel Isai Ortega,0.1,Creado
tTipoDato,Tipo de dato,Daniel Isai Ortega,0.1,Creado
tAcademia,Academia,Daniel Isai Ortega,0.1,Creado
tAlumno,Alumno,Daniel Isai Ortega,0.1,Creado
tAreaDeConocimiento,Área de conocimiento,Daniel Isai Ortega,0.1,Creado
tAspirantesNoInscritos,Aspirantes no inscritos,Daniel Isai Ortega,0.1,Creado
tAspirantesInscritos,Aspirantes inscritos,Daniel Isai Ortega,0.1,Creado
tAlumnosNoInscritos,Alumnos no inscritos,Daniel Isai Ortega,0.1,Creado
tAlumnosInscritos,Alumnos inscritos,Daniel Isai Ortega,0.1,Creado
tCalendarioAcademico,Calendario Académico,Daniel Isai Ortega,0.1,Creado
tCredito,Crédito,Daniel Isai Ortega,0.1,Creado
tCategoria,Categoría,Daniel Isai Ortega,0.1,Creado
tCategoriaPA,Categoría del personal académico,Daniel Isai Ortega,0.1,Creado
tCategoriaProfC,Categoría del profesor por carrera,Daniel Isai Ortega,0.1,Creado
tCategoriaTecnicoC,Categoría del técnico docente por carrera,Daniel Isai Ortega,0.1,Creado
tCarga,Carga,Daniel Isai Ortega,0.1,Creado
tCargaReglamentaria,Carga reglamentaria,Daniel Isai Ortega,0.1,Creado
tCicloEscolar,Ciclo Escolar,Daniel Isai Ortega,0.1,Creado
tDAE,DAE,Daniel Isai Ortega,0.1,Creado
tDEMS,DEMS,Daniel Isai Ortega,0.1,Creado
tDES,DES,Daniel Isai Ortega,0.1,Creado
tUA,UA,Daniel Isai Ortega,0.1,Creado
tEstructuraEducativa,Estructura Educativa,Daniel Isai Ortega,0.1,Creado
tEdificio,Edificio,Daniel Isai Ortega,0.1,Creado
tEspacio,Espacio,Daniel Isai Ortega,0.1,Creado
tEstudiante,Estudiante,Daniel Isai Ortega,0.1,Creado
tDescargaAcademica,Descarga académica,Daniel Isai Ortega,0.1,Creado
tDictamenCategoria,Dictamen de categoría,Daniel Isai Ortega,0.1,Creado
tFormato,Formato,Daniel Isai Ortega,0.1,Creado
tGrupo,Grupo,Daniel Isai Ortega,0.1,Creado
tHorario,Horario,Daniel Isai Ortega,0.1,Creado
tHorasInterinato,Horas de interinato,Daniel Isai Ortega,0.1,Creado
tHorasBasificadas,Horas basificadas,Daniel Isai Ortega,0.1,Creado
tHorasCompactadas,Horas compactadas,Daniel Isai Ortega,0.1,Creado
tHorasNoCompactadas,Horas no compactadas,Daniel Isai Ortega,0.1,Creado
tModalidad,Modalidad Educativa,Daniel Isai Ortega,0.1,Creado
tNivelEdificio,Nivel de edificio,Daniel Isai Ortega,0.1,Creado
tNivelEducativo,Nivel educativo,Daniel Isai Ortega,0.1,Creado
tOcupabilidad,Ocupabilidad,Daniel Isai Ortega,0.1,Creado
tOfertaEducativa,Oferta Educativa,Daniel Isai Ortega,0.1,Creado
tPeriodo,Periodo,Daniel Isai Ortega,0.1,Creado
tPeriodoDeTrabajo,Periodo de Trabajo,Daniel Isai Ortega,0.1,Creado
tPeriodoEscolar,Periodo Escolar,Daniel Isai Ortega,0.1,Creado
tPEAntInmediato,Periodo escolar siguiente inmediato,Daniel Isai Ortega,0.1,Creado
tPESigInmediato,Periodo escolar anterior inmediato,Daniel Isai Ortega,0.1,Creado
tPEsiguiente,Periodo escolar siguiente,Daniel Isai Ortega,0.1,Creado
tPEanterior,Periodo escolar anterior,Daniel Isai Ortega,0.1,Creado
tPlaza,Plaza,Daniel Isai Ortega,0.1,Creado
tPlanEstudio,Plan de Estudio,Daniel Isai Ortega,0.1,Creado
tProgramaAcademico,Programa Académico,Daniel Isai Ortega,0.1,Creado
tProfesor,Profesor,Daniel Isai Ortega,0.1,Creado
tProfeInterino,Profesor Interino,Daniel Isai Ortega,0.1,Creado
tPersonalAcademico,Personal Académico,Daniel Isai Ortega,0.1,Creado
tPersonalAcademicoCarrera,Personal Académico por Carrera,Daniel Isai Ortega,0.1,Creado
tPersonalAcademicoAsignatura,Personal Académico por asignatura,Daniel Isai Ortega,0.1,Creado
tPromocion,Promoción,Daniel Isai Ortega,0.1,Creado
tProcBasificacion,Proceso de basificación,Daniel Isai Ortega,0.1,Creado
tTecnicoDocente,Técnico docente,Daniel Isai Ortega,0.1,Creado
tTipoEspacio,Tipo de Espacio,Daniel Isai Ortega,0.1,Creado
tTipoPermanecia,Tipo de permanecia,Daniel Isai Ortega,0.1,Creado
tTipoNivel,Tipo de nivel,Daniel Isai Ortega,0.1,Creado
tTurno,Turno,Daniel Isai Ortega,0.1,Creado
tUnidadAcademica,Unidad Académica,Daniel Isai Ortega,0.1,Creado
tUnidadDeAprendizaje,Unidad de Aprendizaje,Daniel Isai Ortega,0.1,Creado
tUnidadDeAprendizajeModular,Unidad de Aprendizaje Modular,Daniel Isai Ortega,0.1,Creado
tSalon,Salón,Daniel Isai Ortega,0.1,Creado
tSoporteDocumental,Soporte Documental,Daniel Isai Ortega,0.1,Creado
